strain	length	A	C	G	T	N	other_IUPAC	-	?	invalid_nucleotides
YMMV_CD_Bra_2023_ala	801	269	158	193	181	0	0	0	0	0
YMMV_DA_Bra_2020_ala	801	267	154	195	185	0	0	0	0	0
DaN6-I_MT345589_Nig_2012_ala	801	274	153	190	184	0	0	0	0	0
Togo1_AF548514_Tog_1999_ala	801	275	154	190	182	0	0	0	0	0
I133_KC924403_Bra_2014_ala	801	274	151	191	185	0	0	0	0	0
Br2_AF548498_Bra_2000_ala	801	271	153	193	184	0	0	0	0	0
DSMZ-PV-1214_OM471977_Nig_2022_ala	801	262	154	199	186	0	0	0	0	0
DaN48-5_MT345595_Nig_2013_ala	801	268	156	194	183	0	0	0	0	0
DaN246-21_MT345587_Nig_2012_ala	801	267	158	195	181	0	0	0	0	0
DaN32-3_MT345585_Nig_2012_ala	801	267	158	195	181	0	0	0	0	0
DaN143-12_MT345586_Nig_2012_ala	801	266	158	196	181	0	0	0	0	0
Guad2_AF548501_Gua_1998_ala	801	266	158	196	181	0	0	0	0	0
Mart3_AF548495_Mart_1998_ala	801	266	158	196	181	0	0	0	0	0
Mart1_AF548493_Mart_1998_rot	801	266	157	196	182	0	0	0	0	0
DaN46-5_MT345594_Nig_2013_ala	801	267	156	195	183	0	0	0	0	0
DaN31-3_MT345584_Nig_2012_ala	801	266	158	196	181	0	0	0	0	0
Mart4_AF548496_Mart_1998_ala	801	263	159	198	181	0	0	0	0	0
FIJI3_AF548517_Fiji_2000_ala	801	266	153	196	186	0	0	0	0	0
FIJI2_AF548516_Fiji_2000_ala	801	267	153	195	186	0	0	0	0	0
FIJI4_AF548518_Fiji_2000_ala	801	262	154	199	186	0	0	0	0	0
COL2_AF548492_Col_2016_ala	801	267	153	194	187	0	0	0	0	0
COL1_AF548491_Col_2016_ala	801	264	154	196	187	0	0	0	0	0
DrG269-31_MT345583_Gha_2012_rot	801	263	155	197	186	0	0	0	0	0
Mart5_AF548497_Mart_1998_rot	801	261	157	200	183	0	0	0	0	0
Guad3_AF548502_Gua_1998_ala	801	266	154	197	184	0	0	0	0	0
DaG89-11_MT345580_Gha_2012_ala	801	269	156	191	185	0	0	0	0	0
FIJI1_AF548515_Fiji_2000_ala	801	264	155	198	184	0	0	0	0	0
DaG38-16_MT345592_Gha_2013_ala	801	264	159	199	179	0	0	0	0	0
PNG2_AF548524_PNG_1993_ala	801	273	156	194	178	0	0	0	0	0
JPN3_AF548521_Jap_1998_ala	801	269	158	196	178	0	0	0	0	0
Andong_KX156847_S-Kor_2014_poly	801	268	158	191	184	0	0	0	0	0
PNG4_AF548526_PNG_1994_ala	801	266	160	194	181	0	0	0	0	0
PNG3_AF548525_PNG_1993_ala	801	266	159	193	183	0	0	0	0	0
JPN4_AF548522_Jap_1993_ala	801	264	159	195	183	0	0	0	0	0
ZY-XZ1_KJ125479_Chi_2012_ala	801	269	159	190	183	0	0	0	0	0
ZY-NH1_KJ125478_Chi_2011_ala	801	268	161	190	182	0	0	0	0	0
TG-NH1_KJ125475_Chi_2011_Dsp	801	268	161	190	182	0	0	0	0	0
CN1_KC407674_Chi_2011_opp	801	265	170	196	170	0	0	0	0	0
JPN2_AF548520_Jap_2016_ala	801	272	157	192	180	0	0	0	0	0
YB3-NC1_KJ125476_Chi_2011_ala	801	266	163	193	179	0	0	0	0	0
Luzhai_JF357963_Chi_2010_opp	801	263	163	196	179	0	0	0	0	0
GH5-NN1_KJ125472_Chi_2011_ala	801	261	162	198	180	0	0	0	0	0
Nanning_JF357962_Chi_2010_opp	801	269	162	190	180	0	0	0	0	0
GH6-NC1_KJ125473_Chi_2010_ala	801	266	164	195	176	0	0	0	0	0
SSY-FX1_KJ125474_ChI_2012_Dsp	801	265	162	197	177	0	0	0	0	0
CN20_KC473517_Chi_2010_poly	801	274	153	191	183	0	0	0	0	0
YB3-NC2_KJ125477_Chi_2011_ala	801	264	163	197	177	0	0	0	0	0
JPN1_AF548519_Jap_1997_ala	801	276	155	183	187	0	0	0	0	0
JPN_AB029405_Jap_2016_ala	801	276	155	183	187	0	0	0	0	0
DSMZ-PV-1214_OM471979_Nig_2022_ala	801	274	153	183	191	0	0	0	0	0
DSMZ-PV-1214_OM471978_Nig_2022_ala	801	276	150	180	195	0	0	0	0	0
HB148_MT501393_Cam_2021_ala	801	270	153	187	191	0	0	0	0	0
HB86_MT501392_Cam_2021_esc	801	270	153	187	191	0	0	0	0	0
DaG4-43_MT345579_Gha_2012_ala	801	276	154	183	188	0	0	0	0	0
DaG131-16_MT345581_Gha_2012_ala	801	269	155	187	190	0	0	0	0	0
Guy8_AF548513_Guy_1998_tri	801	275	166	177	183	0	0	0	0	0
Guy2_AF548507_Guy_1998_tri	801	269	167	180	185	0	0	0	0	0
Guy3_AF548508_Guy_1998_tri	801	274	167	177	183	0	0	0	0	0
Guy6_AF548511_Guy_1998_tri	801	276	158	177	190	0	0	0	0	0
Guy4_AF548509_Guy_1998_tri	801	272	162	177	187	0	0	3	0	0
Guy1_AF548506_Guy_1998_tri	801	276	162	175	188	0	0	0	0	0
Guy5_AF548510_Guy_1998_tri	801	270	155	186	190	0	0	0	0	0
Guy7_AF548512_Guy_1998_tri	801	267	156	187	191	0	0	0	0	0
Guad5_AF548504_Gua_1998_tri	801	278	159	179	185	0	0	0	0	0
Guad4_AF548503_Gua_1998_tri	801	278	160	179	184	0	0	0	0	0
CR1_AF548499_C-Ric_1999_tri	801	279	151	183	188	0	0	0	0	0
Brazil_NC-019412_Bra_2009_tri	801	274	153	182	192	0	0	0	0	0
I55_KC924404_Bra_2014_tri	801	274	153	182	192	0	0	0	0	0
DaN7-19_MT345588_Nig_2012_ala	801	271	154	186	190	0	0	0	0	0
Guad1_AF548500_Gua_1998_ala	801	269	154	187	191	0	0	0	0	0
DaG137-17_MT345582_Gha_2012_ala	801	274	143	184	200	0	0	0	0	0
Da-L3_KM265137_Ind_2014_ala	801	266	162	191	182	0	0	0	0	0
Mart2_AF548494_Mart_1998_ala	801	266	164	194	177	0	0	0	0	0
PNG1_AF548523_PNG_1993_ala	801	264	153	199	185	0	0	0	0	0
PNG_AB022424_PNG_2016_ala	801	264	153	199	185	0	0	0	0	0
Guad6_AF548505_Gua_1998_esc	801	269	158	193	181	0	0	0	0	0
